{
  "immune": 1,
  "good": 3,
  "alive": 1,
  "dead": -3,
  "arrested": -3,
  "contagious": -1,
  "criticizing": -2,
  "steal": -2,
  "illegal": -3,
  "barbarian": -2,
  "dangerous": -2,
  "suffer": -2,
  "forgot": -1,
  "bad": -3,
  "like": 2,
  "joke": 2,
  "hiding": -1,
  "die": -3,
  "douchebag": -3,
  "ill": -2,
  "diamond": 1,
  "death": -2,
  "jesus": 1,
  "want": 1,
  "no": -1,
  "fit": 1,
  "pretty": 1,
  "pretend": -1,
  "headache": -2,
  "favorite": 2,
  "destroy": -3,
  "grey": -1,
  "prison": -2,
  "yeah": 1,
  "great": 3,
  "gun": -1,
  "struggled": -2,
  "awful": -3,
  "dump": -1,
  "constipation": -2,
  "dropped": -1,
  "fired": -2,
  "hate": -3,
  "big": 1,
  "ban": -2,
  "fuck": -4,
  "empty": -1,
  "asshole": -4,
  "win": 4,
  "solution": 1,
  "comfortable": 2,
  "jokes": 2,
  "terrible": -3,
  "care": 2,
  "huge": 1,
  "shit": -4,
  "loss": -3,
  "fair": 2,
  "slaves": -3,
  "blind": -1,
  "lol": 3,
  "cut": -1,
  "better": 2,
  "cool": 1,
  "pissed": -4,
  "nice": 3,
  "cunt": -5,
  "help": 2,
  "likes": 2,
  "worthless": -2,
  "comforting": 2,
  "loves": 3,
  "quality": 2,
  "competitive": 2,
  "spirit": 1,
  "popular": 3,
  "reaches": 1,
  "wreck": -2,
  "miss": -2,
  "positive": 2,
  "sadly": -2,
  "safety": 1,
  "kill": -3,
  "lazy": -1,
  "desperately": -3,
  "easy": 1,
  "freedom": 2,
  "fight": -1,
  "wasting": -2,
  "racist": 3,
  "worry": 3,
  "leave": 1,
  "worse": -3,
  "skeptics": -2,
  "tears": -2,
  "hahaha": 3,
  "disappears": -1,
  "ass": -4,
  "sucks": -3,
  "funeral": -1,
  "hope": 2,
  "stealing": -2,
  "friend": 1,
  "dirty": -2,
  "disgusting": -3,
  "best": 3,
  "retarded": -2,
  "lost": -3,
  "pay": -1,
  "compliment": 2,
  "favourite": 2,
  "mistakes": -2,
  "attacks": -1,
  "thank": 2,
  "glad": 3,
  "war": -2,
  "tired": -2,
  "alone": -2,
  "forget": -1,
  "stop": -1,
  "share": 1,
  "solve": 1,
  "hard": -1,
  "murders": -2,
  "dear": 2,
  "sorry": -1,
  "pray": 1,
  "worries": -3,
  "problems": -2,
  "crimes": -3,
  "justice": 2,
  "attacked": -1,
  "hide": -1,
  "fools": -2,
  "kind": 2,
  "gold": 2,
  "thanks": 2,
  "unbearable": -2,
  "shoot": -1,
  "impress": 3,
  "fighting": -2,
  "murder": -2,
  "hell": -4,
  "unfunny": -2,
  "weak": -2,
  "kiss": 2,
  "weird": -2,
  "disaster": -2,
  "evacuated": -1,
  "true": 2,
  "love": 3,
  "mad": -3,
  "worst": -3,
  "respect": 2,
  "scary": -2,
  "complaining": -2,
  "wrong": -2,
  "confused": -2,
  "welcome": 2,
  "stress": -1,
  "please": 1,
  "nuts": -3,
  "slut": -5,
  "crying": -2,
  "haha": 3,
  "furious": -3,
  "fucking": -4,
  "laugh": 1,
  "scared": -2,
  "scream": -2,
  "helps": 2,
  "badly": -3,
  "hurts": -2,
  "lighthearted": 1,
  "regret": -2,
  "rescue": 2,
  "ouch": -2,
  "doubt": -1,
  "problem": -2,
  "hilarious": 2,
  "stable": 2,
  "hail": 2,
  "suicide": -2,
  "stab": -2,
  "dick": -4,
  "exposed": -1,
  "growing": 1,
  "complained": -2,
  "warm": 1,
  "bomb": -1,
  "idiot": -3,
  "stupid": -2,
  "bliss": 3,
  "ignorance": -2,
  "god": 1,
  "grateful": 3,
  "guilty": -3,
  "hating": -3,
  "accident": -2,
  "saved": 2,
  "cute": 2,
  "bullshit": -4,
  "stuck": -2,
  "bravery": 2,
  "nervous": -2,
  "ha": 2,
  "nervously": -2,
  "vomit": -3,
  "enjoy": 2,
  "wish": 1,
  "hid": -1,
  "clean": 2,
  "bored": -2,
  "fun": 4,
  "threats": -2,
  "peaceful": 2,
  "matter": 1,
  "broke": -1,
  "bastard": -5,
  "revenge": -2,
  "meaningless": -2,
  "yes": 1,
  "tragedy": -2,
  "wow": 4,
  "enlightened": 2,
  "fool": -2,
  "confident": 2,
  "fuckin": -4,
  "compliments": 2,
  "save": 2,
  "happy": 3,
  "worth": 2,
  "dream": 1,
  "thankful": 2,
  "sexy": 3,
  "dedicated": 2,
  "sad": -2,
  "beautiful": 3,
  "homeless": -2,
  "disorder": -2,
  "smile": 2,
  "humor": 2,
  "attack": -1,
  "shitty": -3,
  "disease": -1,
  "suck": -3,
  "anxious": -2,
  "complain": -2,
  "emergency": -2,
  "relaxed": 2,
  "cleaner": 2,
  "apology": -1,
  "piss": -4,
  "heroes": 2,
  "sick": -2,
  "ghost": -1,
  "rant": -3,
  "vague": -2,
  "conspiracy": -3,
  "ruin": -2,
  "invite": 1,
  "infectious": -2,
  "enjoys": 2,
  "obnoxious": -3,
  "repellent": -2,
  "noisy": -1,
  "chances": 2,
  "inquisition": -2,
  "hurt": -2,
  "weakness": -2,
  "stupidity": -3,
  "poor": -2,
  "trouble": -2,
  "funny": 4,
  "upset": -2,
  "join": 1,
  "offensive": -2,
  "stolen": -2,
  "attracted": 1,
  "natural": 1,
  "damn": -2,
  "died": -3,
  "threatening": -2,
  "hoping": 2,
  "denial": -2,
  "fan": 3,
  "celebrating": 3,
  "whore": -4,
  "ignore": -1,
  "beloved": 3,
  "terrified": -3,
  "drunk": -2,
  "eager": 2,
  "wtf": -4,
  "famous": 2,
  "agree": 1,
  "lucky": 3,
  "funnier": 4,
  "helping": 2,
  "darkness": -1,
  "abuse": -3,
  "killed": -3,
  "fresh": 1,
  "charges": -2,
  "delicious": 3,
  "gag": -2,
  "victims": -3,
  "rape": -4,
  "insane": -2,
  "lonely": -2,
  "dreams": 1,
  "awkward": -2,
  "cry": -1,
  "important": -2,
  "smartest": 2,
  "discouraged": -2,
  "cheated": -3,
  "legally": 1,
  "accidentally": -2,
  "hug": 2,
  "warfare": -2,
  "smiles": 2,
  "disoriented": -2,
  "inspired": 2,
  "struggle": -2,
  "cock": -5,
  "pointless": -2,
  "broken": -1,
  "bankruptcy": -3,
  "trapped": -2,
  "illegally": -3,
  "chance": 2,
  "wins": 4,
  "fake": -3,
  "improved": 2,
  "laughs": 1,
  "shocking": -2,
  "cuts": -1,
  "safely": 1,
  "awarded": 3,
  "encourage": 2,
  "excuse": -1,
  "limits": -1,
  "charm": 3,
  "resolution": 2,
  "unemployed": -1,
  "alarm": -2,
  "beauty": 3,
  "bitches": -5,
  "free": 1,
  "injury": -2,
  "insult": -2,
  "interest": 1,
  "disappoint": -2,
  "worried": -3,
  "sentences": -2,
  "successful": 3,
  "blaming": -2,
  "fine": 2,
  "racism": -3,
  "slave": -3,
  "accused": -2,
  "depressed": -2,
  "warn": -2,
  "bloody": -3,
  "honest": 2,
  "wisdom": 1,
  "allow": 1,
  "honor": 2,
  "dumb": -3,
  "bitch": -5,
  "annoying": -2,
  "kills": -3,
  "twat": -5,
  "itchy": -2,
  "greet": 1,
  "bloated": -1,
  "top": 2,
  "crazy": -2,
  "sentence": -2,
  "repercussions": -2,
  "awesome": 4,
  "clears": 1,
  "negative": -2,
  "fruitless": -2,
  "suffering": -2,
  "appropriate": 2,
  "salute": 2,
  "glee": 3,
  "perfect": 3,
  "irony": -1,
  "terrorist": -2,
  "greatest": 3,
  "ridiculous": -3,
  "cunning": 2,
  "chokes": -2,
  "screaming": -2,
  "promise": 1,
  "refuse": -2,
  "outraged": -3,
  "adorable": 3,
  "terrorists": -2,
  "jerk": -3,
  "inspiring": 3,
  "choked": -2,
  "smuggle": -2,
  "inspiration": 2,
  "assault": -2,
  "accept": -1,
  "winner": 4,
  "won": 3,
  "sue": -2,
  "laughed": 1,
  "stops": -1,
  "adventures": 2,
  "safe": 1,
  "trust": -1,
  "faith": 1,
  "loose": -3,
  "prisoners": -2,
  "impressed": 3,
  "aboard": 1,
  "impressive": 3,
  "hates": -3,
  "festive": 2,
  "blame": -2,
  "moody": -1,
  "apathy": -3,
  "criminal": -3,
  "tits": -2,
  "disliked": -2,
  "jeopardy": -2,
  "depressing": -2,
  "frightening": -3,
  "commit": 1,
  "disguises": -1,
  "warning": -3,
  "crisis": -3,
  "refusing": -2,
  "interrupting": -2,
  "donate": 2,
  "calm": 2,
  "battle": -1,
  "ironic": -1,
  "cancer": -1,
  "stole": -2,
  "support": 2,
  "supports": 2,
  "evil": -3,
  "discriminates": -2,
  "heaven": 2,
  "recommend": 2,
  "missed": -2,
  "healthy": 2,
  "warned": -2,
  "oxymoron": -1,
  "slip": -1,
  "ugly": -3,
  "sweet": 2,
  "honour": 2,
  "corpse": -1,
  "threat": -2,
  "shame": -2,
  "fear": -2,
  "reach": 1,
  "errors": -2,
  "crushing": -1,
  "responsible": 2,
  "suicides": -2,
  "committing": 1,
  "appreciated": 2,
  "questionable": -2,
  "insomnia": -2,
  "miracle": 4,
  "praying": 1,
  "excellent": 3,
  "protects": 1,
  "engage": 1,
  "esteem": 2,
  "disappointment": -2,
  "excited": 3,
  "loved": 3,
  "flu": -2,
  "feeling": 1,
  "angry": -3,
  "unsure": -1,
  "forced": -1,
  "grief": -2,
  "silly": -1,
  "dysfunction": -2,
  "debt": -2,
  "bless": 2,
  "sneezed": -2,
  "pervert": -3,
  "failed": -2,
  "peace": 2,
  "agreement": 1,
  "rich": 2,
  "horrific": -3,
  "stabs": -2,
  "meaningful": 2,
  "suspected": -1,
  "fire": -2,
  "admit": -1,
  "missing": -2,
  "boring": -3,
  "crappy": -3,
  "crush": -1,
  "shock": -2,
  "rude": -2,
  "attraction": 2,
  "disturbs": -2,
  "laughing": 1,
  "fuckers": -4,
  "anxiety": -2,
  "offender": -2,
  "difficult": -1,
  "solutions": 1,
  "prevent": -1,
  "powerful": 2,
  "polite": 2,
  "waste": -1,
  "humour": 2,
  "idiotic": -3,
  "delight": 3,
  "finest": 3,
  "charged": -3,
  "solid": 2,
  "scars": -2,
  "fakes": -3,
  "haunted": -2,
  "accepted": 1,
  "challenge": -1,
  "uproar": -3,
  "discriminate": 2,
  "afraid": -2,
  "haters": -3,
  "fucked": -4,
  "beaten": -2,
  "livid": -2,
  "promised": 1,
  "victim": -3,
  "courtesy": 2,
  "deny": -2,
  "jealous": -2,
  "obstacle": -2,
  "crap": -3,
  "amazing": 4,
  "congratulations": 2,
  "racists": -3,
  "oops": -2,
  "mistake": -2,
  "damage": -3,
  "corrupted": -3,
  "attracts": 1,
  "avoid": -1,
  "goodness": 3,
  "fortunate": 2,
  "clear": 1,
  "cheering": 2,
  "attractive": 2,
  "straight": 1,
  "fitness": 1,
  "effective": 2,
  "kidnapping": -2,
  "hero": 2,
  "slash": -2,
  "lame": -2,
  "merry": 3,
  "blocking": -1,
  "dying": -3,
  "champion": 2,
  "killing": -3,
  "confidence": 2,
  "illness": -2,
  "drag": -1,
  "gift": 2,
  "deception": -3,
  "suspended": -1,
  "drowns": -2,
  "proud": -2,
  "embarrassed": -2,
  "soothing": 3,
  "stopped": -1,
  "mature": 2,
  "useful": 2,
  "pain": -2,
  "boycott": -2,
  "poorly": -2,
  "accidental": -2,
  "riot": -2,
  "horrible": -3,
  "liked": 2,
  "messed": -2,
  "crime": -3,
  "ignorant": -2,
  "raped": -4,
  "drown": -2,
  "noble": 2,
  "torture": -4,
  "charming": 3,
  "losing": -3,
  "capable": 1,
  "inviting": 1,
  "progress": 2,
  "stank": -2,
  "failure": -2,
  "greedy": -2,
  "rise": 1,
  "benefits": 2,
  "controversy": -2,
  "harm": -2,
  "comedy": 1,
  "overlooked": -1,
  "oppressed": -2,
  "happiest": 3,
  "postponed": -1,
  "acceptable": 1,
  "supporters": 1,
  "smiling": 2,
  "curse": -1,
  "error": -2,
  "axe": -1,
  "disagree": -2,
  "obsessed": 2,
  "cares": 2,
  "leaked": -1,
  "steals": -2,
  "pressure": -1,
  "dangerously": -2,
  "worrying": -3,
  "apologise": -1,
  "solving": 1,
  "winning": 4,
  "forgive": 1,
  "acquit": 2,
  "absolve": 2,
  "exonerate": 2,
  "pardon": 2,
  "promoting": 1,
  "fortune": 2,
  "troll": -2,
  "survived": 2,
  "pleasurable": 3,
  "abducted": -2,
  "comfort": 2,
  "warmth": 2,
  "happiness": 3,
  "significant": 1,
  "celebrated": 3,
  "jealousy": -2,
  "poison": -2,
  "disappointed": -2,
  "forgotten": -1,
  "annoy": -2,
  "protected": 1,
  "banned": -2,
  "reward": 2,
  "refused": -2,
  "enchanted": 2,
  "desire": 1,
  "commitment": 2,
  "crushed": -2,
  "dumps": -1,
  "sincerely": 2,
  "dislike": -2,
  "tender": 2,
  "affectionate": 3,
  "confusing": -2,
  "united": 1,
  "favors": 2,
  "fantastic": 4,
  "rescued": 2,
  "harsh": -2,
  "enjoying": 2,
  "rob": -2,
  "hesitant": -2,
  "criminals": -3,
  "promptly": 1,
  "suspect": -1,
  "lovely": 3,
  "alert": -1,
  "drop": -1,
  "selfish": -3,
  "stunned": -2,
  "bright": 1,
  "penalty": -2,
  "sophisticated": 2,
  "sneezes": -2,
  "inferior": -2,
  "intelligent": 2,
  "murderer": -2,
  "convicted": -2,
  "solved": 1,
  "mock": -2,
  "wasted": -2,
  "loser": -3,
  "rage": -2,
  "violent": -3,
  "smart": 1,
  "grave": -2,
  "opportunity": 2,
  "interesting": 2,
  "concerned": -2,
  "tense": -2,
  "favor": 2,
  "badass": -3,
  "daredevil": 2,
  "attract": 1,
  "deport": -2,
  "friendly": 2,
  "deficiency": -2,
  "escape": -1,
  "starve": -2,
  "petrified": -2,
  "super": 3,
  "award": 3,
  "unstable": -2,
  "supporting": 1,
  "bother": 2,
  "legal": 1,
  "smarter": 2,
  "interested": 2,
  "ambitious": -2,
  "disappear": -1,
  "appreciate": 2,
  "disadvantage": -2,
  "wonderful": 4,
  "favour": 2,
  "vulnerability": -2,
  "charitable": 2,
  "liking": 2,
  "unimpressed": -2,
  "worthy": 2,
  "nasty": -3,
  "swear": -2,
  "thrilled": 5,
  "shortage": -2,
  "bankrupt": -3,
  "fail": -2,
  "rises": 1,
  "aggressive": -2,
  "passive": -1,
  "spoiled": -2,
  "censor": -2,
  "success": 2,
  "desired": 2,
  "dragged": -1,
  "spam": -2,
  "stopping": -1,
  "cheer": 2,
  "snubbed": -2,
  "tragic": -2,
  "exaggerating": -2,
  "infection": -2,
  "defect": -3,
  "critics": -2,
  "garbage": -1,
  "criticized": -2,
  "clearly": 1,
  "treasure": 2,
  "protest": -2,
  "goofy": -2,
  "celebrates": 3,
  "dismal": -2,
  "prevents": -1,
  "shared": 1,
  "unwanted": -2,
  "envy": -1,
  "drowned": -2,
  "pretends": -1,
  "violence": -3,
  "disrespect": -2,
  "gaining": 2,
  "shaky": -2,
  "freak": -2,
  "complains": -2,
  "foul": -3,
  "strangely": -1,
  "arsehole": -4,
  "kidnap": -2,
  "cutting": -1,
  "cheerfully": 2,
  "greater": 3,
  "myth": -1,
  "careful": 2,
  "supporter": 1,
  "enemies": -2,
  "sin": -2,
  "screwed": 2,
  "hated": -3,
  "suicidal": -2,
  "stabbed": -2,
  "adopt": 1,
  "goodwill": 3,
  "adventure": 2,
  "agreed": 1,
  "violation": -2,
  "moron": -3,
  "romance": 2,
  "destroyed": -3,
  "diseases": -1,
  "ruined": -2,
  "shortages": -2,
  "allergic": -2,
  "escapes": -1,
  "embrace": 1,
  "jumpy": -1,
  "strong": 2,
  "dull": -2,
  "disappeared": -1,
  "granted": 1,
  "daring": 2,
  "pretending": -1,
  "ruining": -2,
  "generous": 2,
  "perfected": 2,
  "destructive": -3,
  "ugh": -2,
  "outstanding": 5,
  "nigger": -5,
  "convinced": 1,
  "terror": -3,
  "mourning": -2,
  "humiliation": -3,
  "cries": -2,
  "bold": 2,
  "escaping": -1,
  "bitterly": -2,
  "choking": -2,
  "weeping": -2,
  "convince": 1,
  "wits": 2,
  "ashamed": -2,
  "leak": -1,
  "affordable": 2,
  "strongest": 2,
  "apologize": -1,
  "exacerbate": -2,
  "exacerbating": -2,
  "favorites": 2,
  "affection": 3,
  "outrageous": -3,
  "harsher": -2,
  "complaints": -2,
  "gray": -1,
  "grand": 3,
  "strength": 2,
  "frustrated": -2,
  "dumped": -2,
  "slam": -2,
  "unfit": -2,
  "gullible": -2,
  "cheerful": 2,
  "fascinating": 3,
  "panic": -3,
  "looses": -3,
  "hardy": 2,
  "satisfied": 2,
  "screams": -2,
  "brutally": -3,
  "desperate": 3,
  "nonsense": -2,
  "strange": -1,
  "crash": -2,
  "apologizes": -1,
  "luck": 3,
  "suitable": 2,
  "widowed": -1,
  "celebrate": 3,
  "scandal": -3,
  "liar": -3,
  "flaw": -2,
  "mourned": -2,
  "risk": -2,
  "increased": 1,
  "falling": -1,
  "fortunately": 2,
  "collapsed": -2,
  "motivation": 1,
  "haunt": -1,
  "paradise": 3,
  "taint": -2,
  "tainted": -2,
  "asset": 2,
  "appreciating": 2,
  "rash": -2,
  "sentenced": -2,
  "irritated": -3,
  "beating": -1,
  "leadership": 1,
  "fiasco": -3,
  "perfectly": 3,
  "unhappy": -2,
  "suspicious": -2,
  "miserable": -3,
  "willingness": 2,
  "underestimate": -1,
  "demand": -1,
  "boost": 1,
  "stall": -2,
  "misinformed": -2,
  "frisky": 2,
  "apologized": -1,
  "helpful": 2,
  "sluggish": -2,
  "trap": -1,
  "invasion": -1,
  "optimistic": 2,
  "retard": -2,
  "disasters": -2,
  "screamed": -2,
  "backed": 1,
  "scare": -2,
  "hollow": -1,
  "misunderstood": -2,
  "wishes": 1,
  "exhausted": -2,
  "prohibits": -1,
  "blocked": -1,
  "enjoyed": 2,
  "infested": -2,
  "devastated": -2,
  "affected": -1,
  "unfair": -2,
  "classy": 3,
  "anger": -3,
  "sneezing": -2,
  "courage": 2,
  "grant": 1,
  "goddamn": -3,
  "cheating": -3,
  "pity": -2,
  "gained": 2,
  "incapable": -2,
  "luckily": 3,
  "intense": 1,
  "acceptance": 1,
  "lack": -2,
  "punished": -2,
  "rapist": -4,
  "medal": 3,
  "mess": -2,
  "rotten": -3,
  "faithful": 3,
  "insulted": -2,
  "threaten": -2,
  "devastating": -2,
  "intimidated": -2,
  "ability": 2,
  "extremists": -2,
  "painful": -2,
  "toothless": -2,
  "clever": 2,
  "lmao": 4,
  "prepared": 1,
  "corrupt": -3,
  "punishing": -2,
  "deadly": -3,
  "fallen": -2,
  "brilliant": 4,
  "robber": -2,
  "adopts": 1,
  "questioned": -1,
  "bastards": -5,
  "unable": -2,
  "horrified": -3,
  "wishing": 1,
  "increase": 1,
  "pessimistic": -2,
  "unemployment": -2,
  "sexist": -2,
  "protesters": -2,
  "odd": -2,
  "succeed": -3,
  "pathetic": -2,
  "cocksucker": -5,
  "indestructible": 2,
  "glory": 2,
  "riveting": 3,
  "swift": 2,
  "sued": -2,
  "strengths": 2,
  "struggling": -2,
  "numb": -1,
  "cruel": -3,
  "insulting": -2,
  "hopeless": -2,
  "dreading": -2,
  "arrests": -2,
  "misinterpreted": -2,
  "denies": -2,
  "ignores": -1,
  "undercooked": -2,
  "liars": -3,
  "applaud": 2,
  "arrest": -2,
  "lawsuits": -2,
  "burglar": -2,
  "regrets": -2,
  "rofl": 4,
  "deformity": -2,
  "deformed": -2,
  "damaged": -3,
  "entitled": 1,
  "forbidden": -2,
  "contamination": -2,
  "sigh": -2,
  "confuse": -2,
  "appealing": 2,
  "friendship": 2,
  "strike": -1,
  "pleased": -3,
  "loving": 2,
  "sore": -1,
  "plague": -3,
  "godsend": 4,
  "cherish": 2,
  "douche": -3,
  "strikes": -1,
  "misleading": -3,
  "disgust": -3,
  "infest": -2,
  "groans": -2,
  "tribute": 2,
  "block": -1,
  "crude": -1,
  "bully": -2,
  "gain": 2,
  "mandatory": -1,
  "apocalyptic": -2,
  "greets": 1,
  "certain": 1,
  "suffered": -2,
  "donated": 2,
  "marvel": 3,
  "filthy": 2,
  "wealthy": 2,
  "robs": -2,
  "devoted": 3,
  "expelled": -2,
  "smiled": 2,
  "ruins": -2,
  "embarrassing": -2,
  "extend": 1,
  "revive": 2,
  "vision": 1,
  "adequate": 1,
  "deporting": -2,
  "resolve": 2,
  "threatened": -2,
  "advanced": 1,
  "committed": 1,
  "gem": 3,
  "protect": 1,
  "inappropriate": -2,
  "stereotype": -2,
  "awards": 3,
  "sympathy": 2,
  "moan": -2,
  "prisoner": -2,
  "offended": -2,
  "bitter": -2,
  "stout": 2,
  "ease": 2,
  "greeting": 1,
  "adore": 3,
  "worn": -1,
  "preventing": -1,
  "relieved": 2,
  "keen": -1,
  "sneeze": -2,
  "starving": -2,
  "disguise": -1,
  "commits": 1,
  "struck": -1,
  "remorse": -2,
  "offending": -2,
  "unlikely": -1,
  "lied": -2,
  "dejected": -2,
  "insensitive": -2,
  "unbelievable": -1,
  "alarmed": -2,
  "balanced": 1,
  "panics": -3,
  "congrats": 2,
  "determined": 2,
  "weaknesses": -2,
  "improves": 2,
  "successfully": 3,
  "forgetful": -2,
  "victory": 3,
  "hugs": 2,
  "rose": 1,
  "falsely": -2,
  "lawsuit": -2,
  "amusement": 3,
  "mindless": -2,
  "handsome": 3,
  "injured": -2,
  "accidents": -2,
  "prick": -5,
  "limited": -1,
  "tricked": -2,
  "panicked": -3,
  "ineffective": -2,
  "confidently": 2,
  "accomplish": 2,
  "severe": -2,
  "refuses": -2,
  "curious": 1,
  "losses": -3,
  "mourn": -2,
  "blocks": -1,
  "motherfucker": -5,
  "starved": -2,
  "motherfucking": -5,
  "disrupt": -2,
  "pure": 1,
  "harassment": -3,
  "irate": -3,
  "destruction": -3,
  "peacefully": 2,
  "hatred": -3,
  "lag": -1,
  "cancelled": -1,
  "damnit": -4,
  "mistaking": -2,
  "savings": 1,
  "stinks": -2,
  "misplace": -2,
  "infringement": -2,
  "neglect": -2,
  "active": 1,
  "shares": 1,
  "criticize": -2,
  "raptured": 2,
  "tension": -1,
  "fearsome": -2,
  "deficit": -2,
  "avenge": -2,
  "fascist": -2,
  "bullying": -2,
  "unaware": -2,
  "abusive": -3,
  "stink": -2,
  "consent": 2,
  "entertaining": 2,
  "gross": -2,
  "admits": -1,
  "enraged": -2,
  "breakthrough": 3,
  "offends": -2,
  "greetings": 2,
  "enthusiastic": 3,
  "kidnapped": -2,
  "overreact": -2,
  "reject": -1,
  "defective": -3,
  "poverty": -1,
  "hunger": -2,
  "cheat": -3,
  "embarrassment": -2,
  "pleasure": 3,
  "suffers": -2,
  "heartless": -2,
  "moans": -2,
  "provokes": -1,
  "remarkable": 2,
  "shy": -1,
  "passion": 1,
  "fabulous": 4,
  "inspire": 2,
  "fever": -2,
  "cried": -2,
  "competent": 2,
  "dishonest": -2,
  "bribe": -3,
  "growth": 2,
  "unattractive": -2,
  "champions": 2,
  "reigning": 1,
  "cheers": 2,
  "donation": 2,
  "insults": -2,
  "unstoppable": 2,
  "defeated": -2,
  "fails": -2,
  "flops": -2,
  "hurting": -2,
  "blames": -2,
  "sunshine": 2,
  "pleasant": 3,
  "reassure": 1,
  "corruption": -3,
  "regretting": -2,
  "distorted": -2,
  "overweight": -1,
  "shocked": -2,
  "victor": 3,
  "frightened": -2,
  "startled": -2,
  "useless": -2,
  "focused": 2,
  "mistaken": -2,
  "pessimism": -2,
  "terribly": -3,
  "motivated": 2,
  "loyalty": 3,
  "novel": 2,
  "craziest": -2,
  "complimented": 2,
  "drags": -1,
  "dirt": -2,
  "jolly": 2,
  "dent": -2,
  "blockbuster": 3,
  "fines": -2,
  "forgettable": -1,
  "prohibit": -1,
  "responsibility": 1,
  "safer": 2,
  "niggas": -5,
  "stinky": -2,
  "bargain": 2,
  "insanity": -2,
  "praises": 3,
  "disguised": -1,
  "disturbing": -2,
  "blessing": 3,
  "euphoric": 4,
  "forbid": -1,
  "secure": 2,
  "combat": -1,
  "prevented": -1,
  "anti": -1,
  "betrayed": -3,
  "rewarded": 2,
  "avoided": -1,
  "victors": 3,
  "protesting": -2,
  "defenseless": -2,
  "verdict": -1,
  "admired": 3,
  "tumor": -2,
  "hacked": -1,
  "bothers": -2,
  "salvation": 2,
  "authority": 1,
  "dickhead": -4,
  "embarrass": -2,
  "maddening": -3,
  "childish": -2,
  "lonesome": -2,
  "abandon": -2,
  "false": -1,
  "doubts": -1,
  "damaging": -3,
  "damned": -4,
  "jackass": -4,
  "punish": -2,
  "irresistible": 2,
  "revolting": -2,
  "hysterical": -3,
  "shocks": -2,
  "exuberant": 4,
  "applauded": 2,
  "murdering": -3,
  "apeshit": -3,
  "scam": -2,
  "detained": -2,
  "harass": -3,
  "incomplete": -1,
  "uncomfortable": -2,
  "guarantee": 1,
  "cynic": -2,
  "severely": -2,
  "disappointing": -2,
  "comic": 1,
  "dire": -3,
  "boycotting": -2,
  "doom": -2,
  "sins": -2,
  "mocking": -2,
  "tolerance": 2,
  "accessible": 1,
  "doomed": -2,
  "recommended": -2,
  "troubles": -2,
  "delighted": 3,
  "conflict": -2,
  "censored": -2,
  "skeptic": -2,
  "supreme": 4,
  "polluted": -2,
  "unethical": -2,
  "stampede": -2,
  "sarcastic": -2,
  "hopeful": 2,
  "rejected": -1,
  "donating": 2,
  "carefully": 2,
  "inadequate": -2,
  "rebels": -2,
  "faggot": -3,
  "ensure": 1,
  "joy": 3,
  "persecutes": -2,
  "dizzy": -1,
  "famine": -2,
  "dazzling": 3,
  "demands": -1,
  "restricted": -2,
  "incensed": -2,
  "fatalities": -3,
  "brilliance": 3,
  "paradox": -1,
  "fucker": -4,
  "intricate": 2,
  "irrational": -1,
  "kindness": 2,
  "selfishness": -3,
  "funerals": -1,
  "threatens": -2,
  "stronger": 2,
  "deported": -2,
  "attacking": -1,
  "suspects": -1,
  "jailed": -2,
  "skeptical": -2,
  "offend": -2,
  "torn": -2,
  "powerless": -2,
  "lunatic": -3,
  "matters": 1,
  "reached": 1,
  "unsatisfied": -2,
  "ungrateful": -3,
  "infected": -2,
  "encouraged": 2,
  "approves": 2,
  "loyal": 3,
  "dignity": 2,
  "underestimated": -1,
  "disability": -2,
  "illegitimate": -3,
  "outage": -2,
  "flop": -2,
  "destroying": -3,
  "dirtier": -2,
  "manslaughter": -3,
  "wicked": -2,
  "misbehave": -2,
  "supported": 2,
  "hopes": 2,
  "intimidates": -2,
  "deteriorate": -2,
  "vitamin": 1,
  "collision": -2,
  "hides": -1,
  "ignored": -2,
  "interrupt": -2,
  "cheats": -3,
  "admitted": -1,
  "controversies": -2,
  "obstacles": -2,
  "demanded": -1,
  "heartbroken": -3,
  "inquisitive": 2,
  "avenger": -2,
  "solidarity": 2,
  "allegations": -2,
  "reckless": -2,
  "notorious": -2,
  "reliable": 2,
  "talent": 2,
  "ominous": 3,
  "delayed": -1,
  "humorous": 2,
  "fascinate": 3,
  "exclusive": 2,
  "dearly": 3,
  "luxury": 2,
  "improve": 2,
  "distracted": -2,
  "defeat": -2,
  "traps": -1,
  "validate": 1,
  "haunting": 1,
  "frantic": -1,
  "darkest": -2,
  "barrier": -2,
  "enemy": -2,
  "blackmail": -3,
  "violently": -3,
  "lobby": -2,
  "tops": 2,
  "blessings": 3,
  "denied": -2,
  "bereaved": -2,
  "compassionate": 2,
  "trusts": 1,
  "sappy": -1,
  "misunderstand": -2,
  "possessive": -2,
  "trembling": -2,
  "survivor": 2,
  "fuking": -4,
  "chilling": -1,
  "desirable": 2,
  "downside": -2,
  "frustration": -2,
  "embarrasses": -2,
  "restored": 1,
  "caring": 2,
  "comfortably": 2,
  "careless": -2,
  "shithead": -4,
  "amused": 3,
  "approved": 2,
  "qualities": 2,
  "influential": 2,
  "advantage": 2,
  "backs": 1,
  "danger": -2,
  "elated": 3,
  "inconvenience": -2,
  "avengers": -2,
  "lunatics": -3,
  "detention": -2,
  "importance": 2,
  "costly": -2,
  "weep": -2,
  "naive": -2,
  "angered": -3,
  "creative": 2,
  "burdening": -2,
  "nerves": -1,
  "winwin": 3,
  "protests": -2,
  "stunning": 4,
  "scar": -2,
  "deceiving": -3,
  "cramp": -1,
  "exposes": -1,
  "scoop": 3,
  "disputes": -2,
  "smear": -2,
  "disagreement": -2,
  "elegant": 2,
  "impeachment": -3,
  "guilt": -3,
  "hehe": 2,
  "adversary": -1,
  "goodlooking": 3,
  "inconvenient": -2,
  "sickness": -2,
  "flustered": -2,
  "appalled": -2,
  "xo": 3,
  "rig": -1,
  "jewel": 1,
  "funky": 2,
  "reaching": 1,
  "stressed": -2,
  "inspirational": 2,
  "grace": 1,
  "lapse": -1,
  "arrogant": -2,
  "thoughtless": -2,
  "moaning": -2,
  "inability": -2,
  "fascists": -2,
  "rapture": 2,
  "praise": 3,
  "doubted": -1,
  "dispute": -2,
  "favourites": 2,
  "drained": -2,
  "imprisoned": -2,
  "yummy": 3,
  "reliant": 2,
  "horrendous": -3,
  "doubtful": -1,
  "fearful": -2,
  "chastising": -3,
  "disrupting": -2,
  "inconsiderate": -2,
  "amazed": 2,
  "glorious": 2,
  "hater": -3,
  "choke": -2,
  "romantically": 2,
  "fad": -2,
  "conflicts": -2,
  "interrupted": -2,
  "interests": 1,
  "encouraging": 2,
  "gagged": -2,
  "failing": -2,
  "abused": -3,
  "irritate": -3,
  "inflicts": -2,
  "sympathetic": 2,
  "slavery": -3,
  "usefulness": 2,
  "dismissed": -2,
  "infections": -2,
  "immortal": 2,
  "undermined": -2,
  "aborted": -1,
  "unavailable": -1,
  "chaotic": -2,
  "kinder": 2,
  "justified": 2,
  "complaint": -2,
  "hopefully": 2,
  "magnificent": 3,
  "mercy": 2,
  "clueless": -2,
  "accomplishments": 2,
  "atrocity": -3,
  "cleared": 1,
  "biased": -2,
  "disturbed": -2,
  "exasperated": -2,
  "smuggled": -2,
  "harmful": -2,
  "playful": 2,
  "brave": 2,
  "condemned": -2,
  "substantial": 1,
  "misread": -1,
  "firing": -2,
  "giddy": 2,
  "deaths": -2,
  "timid": -2,
  "engages": 1,
  "collapses": -2,
  "wrongly": -2,
  "misunderstanding": -2,
  "frenzy": -3,
  "heroic": 3,
  "unbiased": 2,
  "dilemma": -1,
  "incompetent": -2,
  "harmed": 2,
  "envious": -2,
  "fame": 1,
  "hostile": -2,
  "wealth": 3,
  "beautifully": 3,
  "settlement": 1,
  "rigged": -1,
  "annoyance": -2,
  "supportive": 2,
  "groan": -2,
  "troubled": -2,
  "resign": -1,
  "sufferers": -2,
  "bore": 2,
  "macabre": -2,
  "aggravating": -2,
  "strengthen": 2,
  "foreclosure": -2,
  "collapse": -2,
  "violated": -2,
  "exaggerate": -2,
  "gains": 2,
  "promote": 1,
  "resigning": -1,
  "grim": -2,
  "anticipation": 1,
  "smog": -2,
  "disqualified": -2,
  "apologizing": -1,
  "proudly": 2,
  "fascinated": 3,
  "unfulfilled": -2,
  "bereave": 2,
  "fuckhead": -4,
  "chaos": -2,
  "soothed": 3,
  "cheery": 3,
  "triumph": 4,
  "heartfelt": 3,
  "interrupts": -2,
  "trusted": 2,
  "uncertain": -1,
  "respected": 2,
  "refined": 1,
  "struggles": 2,
  "annoyed": -2,
  "deft": 2,
  "apologised": -1,
  "demanding": -1,
  "terrific": 4,
  "avid": 2,
  "derailed": -2,
  "restore": 1,
  "irritating": -3,
  "tenderness": 2,
  "madness": -3,
  "applauding": 2,
  "boldly": 2,
  "swearing": -2,
  "abilities": 2,
  "disabling": -1,
  "spark": 1,
  "distract": -2,
  "kudos": 3,
  "homicide": -2,
  "attracting": 2,
  "moaned": -2,
  "fertile": 2,
  "dreaded": -2,
  "homesick": -2,
  "disregard": -2,
  "sneaky": -1,
  "hideous": -3,
  "disapprove": -2,
  "elation": 3,
  "haunts": -1,
  "offence": -2,
  "offense": -2,
  "harshly": -2,
  "infatuated": 2,
  "misplaces": -2,
  "whimsical": 1,
  "abusing": -3,
  "overreacting": -2,
  "cheater": -3,
  "battled": -1,
  "apathetic": -3,
  "wanker": -3,
  "bummer": -2,
  "admire": 3,
  "destroys": -3,
  "popularity": 3,
  "goodmorning": 1,
  "faking": -3,
  "poisoned": -2,
  "unhealthy": -2,
  "unloved": -2,
  "hospitalized": -2,
  "cynical": -2,
  "charisma": 2,
  "impaired": -2,
  "suing": -2,
  "abandoned": -2,
  "superior": 2,
  "traumatic": -3,
  "uptight": -2,
  "battles": -1,
  "disputed": -2,
  "decisive": 1,
  "admires": 3,
  "ecstatic": 4,
  "congratulate": 2,
  "ethical": 2,
  "scum": -3,
  "delay": -1,
  "ally": 2,
  "groaning": -2,
  "deceptive": -3,
  "isolated": -1,
  "approval": 2,
  "nurturing": 2,
  "tolerant": 2,
  "injustice": -2,
  "cowardly": -2,
  "rebel": -2,
  "victimized": -3,
  "excitement": 3,
  "dismayed": -2,
  "restless": -2,
  "distressed": -2,
  "disruptive": -2,
  "dumbass": -3,
  "harassed": -3,
  "assassination": -3,
  "exciting": 3,
  "criticising": -2,
  "accomplished": 2,
  "lethargic": -2,
  "vile": -3,
  "demonstration": -1,
  "improvement": 2,
  "apologises": -1,
  "swears": -2,
  "cancel": -1,
  "disruption": -2,
  "stingy": -2,
  "intimacy": 2,
  "brooding": -2,
  "breach": -2,
  "frustrating": -2,
  "excluded": -2,
  "indecisive": -2,
  "felonies": -3,
  "dread": -2,
  "endorsed": 2,
  "tortures": -4,
  "obscenity": -2,
  "saluted": 2,
  "evacuate": -1,
  "persecute": -2,
  "assets": 2,
  "fraud": -4,
  "collapsing": -2,
  "promoted": 1,
  "blurry": -2,
  "stamina": 2,
  "hysterics": -3,
  "vested": 1,
  "relieve": 1,
  "leading": 2,
  "pissing": -3,
  "lowest": -1,
  "agrees": 1,
  "accepting": 1,
  "celebration": 3,
  "toxic": -3,
  "bias": -1,
  "dipshit": -3,
  "exclusion": -1,
  "violate": -2,
  "fatal": -3,
  "profit": 2,
  "ache": -2,
  "manipulating": -1,
  "comprehensive": 2,
  "battling": -2,
  "jovial": 2,
  "rejoiced": 4,
  "indifference": -2,
  "greeted": 1,
  "pollutes": -2,
  "joyous": 3,
  "withdrawal": -3,
  "cruelty": -3,
  "upsets": -2,
  "coward": -2,
  "apologising": -1,
  "extends": 1,
  "swiftly": 2,
  "appreciation": 2,
  "injuries": -2,
  "vulnerable": -2,
  "hesitate": 2,
  "invincible": 2,
  "rightful": 2,
  "heartwarming": 3,
  "yucky": -2,
  "acquitted": 2,
  "lifesaver": 4,
  "murderous": -3,
  "inefficient": -2,
  "obsolete": -2,
  "questioning": -1,
  "suited": 2,
  "deniers": -2,
  "unjust": -2,
  "await": -1,
  "applause": 2,
  "resolved": 2,
  "frauds": -4,
  "slick": 2,
  "impotent": -2,
  "distressing": -2,
  "congratulation": 2,
  "impose": -1,
  "melancholy": -2,
  "disorders": -2,
  "distinguished": 2,
  "bizarre": -2,
  "raptures": 2,
  "noticeable": 2,
  "impatient": -2,
  "superb": 5,
  "flawless": 2,
  "dislikes": -2,
  "hoax": -2,
  "kidnaps": -2,
  "infects": -2,
  "discriminatory": -2,
  "lifeless": -1,
  "intimidating": -2,
  "sparkle": 3,
  "impede": -2,
  "scandalous": -3,
  "amaze": 2,
  "backing": 2,
  "fond": 2,
  "flawed": -3,
  "pollution": -2,
  "condemns": -2,
  "solves": 1,
  "absolving": -2,
  "lmfao": 4,
  "passionate": 2,
  "negativity": -2,
  "atrocious": -3,
  "unintentional": -2,
  "illnesses": -2,
  "improper": -2,
  "favorably": 2,
  "obliterate": 2,
  "avoids": -1,
  "distraction": -2,
  "astonished": 2,
  "praising": 3,
  "proactive": 2,
  "positively": 2,
  "propaganda": -2,
  "spotless": 2,
  "cancels": -1,
  "inspires": 2,
  "admiring": 3,
  "effectively": 2,
  "opportunities": 2,
  "mocked": -2,
  "breathtaking": 5,
  "rewards": 2,
  "discarding": -1,
  "thorny": -2,
  "obscene": -2,
  "bereaving": -2,
  "succeeds": 3,
  "faggots": -3,
  "punitive": -2,
  "resigned": -1,
  "contempt": -2,
  "yearning": 1,
  "agonising": -3,
  "intact": 2,
  "donates": 2,
  "retreat": -1,
  "improving": 2,
  "infect": -2,
  "interruption": -2,
  "avenged": -2,
  "compassion": 2,
  "exaggerated": -2,
  "insecure": -2,
  "colliding": -1,
  "advantages": 2,
  "expose": -1,
  "buoyant": 2,
  "disproportionate": -2,
  "recession": -2,
  "promises": 1,
  "nosey": -2,
  "pushy": -1,
  "lucrative": 3,
  "uneasy": -2,
  "sincere": 2,
  "unsuccessful": -2,
  "dreadful": -3,
  "optimism": 2,
  "harassing": -3,
  "uplifting": 2,
  "squandered": -2,
  "neglected": -2,
  "fearing": -2,
  "deterrent": -2,
  "salutes": 2,
  "accepts": 1,
  "slashed": -2,
  "infatuation": 2,
  "greed": -3,
  "defender": 2,
  "betray": -3,
  "worsening": -3,
  "secured": 2,
  "accomplishment": 2,
  "flaws": -2,
  "appreciates": 2,
  "imperfect": -2,
  "reassuring": 2,
  "humbug": -2,
  "speculative": -2,
  "controversial": -2,
  "stinker": -2,
  "torturing": -4,
  "felony": -3,
  "rejection": -2,
  "clash": -2,
  "vomits": -3,
  "frowning": -1,
  "promotes": 1,
  "privileged": 2,
  "incompetence": -2,
  "puzzled": -2,
  "burglary": -2,
  "irresponsible": -2,
  "mediocrity": -3,
  "lurking": -1,
  "controversially": -2,
  "glamorous": 3,
  "treason": -3,
  "memoriam": -2,
  "misuse": -2,
  "poisons": -2,
  "accuses": -2,
  "fascinates": 3,
  "insufficient": -2,
  "hahahah": 3,
  "rejects": -1,
  "rebellion": -2,
  "catastrophic": -4,
  "unoriginal": -2,
  "humourous": 2,
  "risky": -2,
  "benefit": 2,
  "freedoms": 2,
  "dodgy": -2,
  "prosecuted": -2,
  "delightful": 3,
  "discounted": -1,
  "prominent": 2,
  "averted": -1,
  "abuses": -3,
  "jewels": 1,
  "integrity": 2,
  "sparkling": 3,
  "collide": -1,
  "immobilized": -1,
  "axed": -1,
  "dodging": -2,
  "n00b": -2,
  "warnings": -3,
  "astounded": 3,
  "aghast": -2,
  "grants": 1,
  "accusations": -2,
  "blamed": -2,
  "empathetic": 2,
  "accomplishes": 2,
  "plagued": -3,
  "reassured": 1,
  "spirited": 2,
  "absorbed": 1,
  "advisable": 1,
  "terrorized": -3,
  "fulfills": 2,
  "crushes": -1,
  "disgrace": 2,
  "bothered": -2,
  "disturb": -2,
  "violating": -2,
  "rejecting": -1,
  "dedication": 2,
  "fulfilled": 2,
  "oppression": -2,
  "misused": -2,
  "dirtiest": -2,
  "inexcusable": -3,
  "sloppy": -2,
  "trauma": -3,
  "woohoo": 3,
  "bullied": -2,
  "vicious": -2,
  "scornful": -2,
  "eerie": -2,
  "disgusted": -3,
  "hypocritical": -2,
  "woo": 3,
  "excite": 3,
  "squander": -2,
  "unsecured": -2,
  "harshest": -2,
  "crowding": -1,
  "slashes": -2,
  "vibrant": 3,
  "overreaction": -2,
  "poignant": 2,
  "wronged": -2,
  "innovation": 1,
  "detached": -1,
  "misery": -2,
  "justifiably": 2,
  "sobering": 1,
  "fairness": 2,
  "expand": 1,
  "ineptitude": -2,
  "amazes": 2,
  "compelled": 1,
  "regretted": -2,
  "slashing": -2,
  "incomprehensible": -2,
  "disrespected": -2,
  "triumphant": 4,
  "outbreak": -2,
  "reprimand": -2,
  "alas": -1,
  "enlighten": 2,
  "risks": -2,
  "enslave": -2,
  "oppressive": -2,
  "welcomes": 2,
  "earnest": 2,
  "recognition": 2,
  "brutal": -3,
  "fearfully": -2,
  "fag": -3,
  "restoring": 1,
  "burden": -2,
  "joyful": 3,
  "rescues": 2,
  "lobbyists": -2,
  "restricts": -2,
  "insignificant": -2,
  "capabilities": 1,
  "shattered": -2,
  "frustrate": -2,
  "narcissism": -2,
  "impedes": -2,
  "lool": 3,
  "lolololol": 4,
  "astounding": 3,
  "tragedies": -2,
  "encouragement": 2,
  "excellence": 3,
  "corrupts": -3,
  "rewarding": 2,
  "dud": -2,
  "prays": 1,
  "misbehaves": -2,
  "retained": -1,
  "strangled": -2,
  "fucktard": -4,
  "enjoyable": 2,
  "unappreciated": -2,
  "chic": 2,
  "prospects": 1,
  "thoughtful": 2,
  "enrages": -2,
  "criticism": -2,
  "misbehaving": -2,
  "unsafe": -2,
  "farce": -1,
  "upsetting": -2,
  "mesmerizing": 3,
  "irresistibly": 2,
  "censors": -2,
  "pressured": -2,
  "misbehaved": -2,
  "menace": -2,
  "deprivation": -3,
  "appropriately": 2,
  "smuggling": -2,
  "capability": 1,
  "perfection": 3,
  "denying": -2,
  "extremist": -2,
  "cocky": -2,
  "prosperous": 3,
  "exposing": -1,
  "offline": -1,
  "uselessness": -2,
  "fatigue": -2,
  "cutbacks": -2,
  "commend": 2,
  "looming": -1,
  "humble": 1,
  "despair": -3,
  "encourages": 2,
  "oversell": -2,
  "infuriating": -2,
  "sustainable": 2,
  "graceful": 2,
  "tortured": -4,
  "dissatisfied": -2,
  "lurks": -1,
  "catastrophe": -3,
  "tyrannical": -3,
  "mourns": -2,
  "provoke": -1,
  "welcomed": 2,
  "scumbag": -4,
  "undecided": -1,
  "rainy": -1,
  "intrigues": 1,
  "glum": -2,
  "foolish": -2,
  "accuse": -2,
  "devastation": -2,
  "filth": -2,
  "harmony": 2,
  "robed": -2,
  "obstructed": -2,
  "outrage": -3,
  "appalling": -2,
  "spamming": -2,
  "stalling": -2,
  "exhilarating": 3,
  "idiocy": -3,
  "lagging": -2,
  "unacceptable": -2,
  "emptiness": -1,
  "abductions": -2,
  "scandals": -3,
  "sabotage": -2,
  "critique": -2,
  "humane": 2,
  "erroneous": -2,
  "critic": -2,
  "strengthens": 2,
  "vomited": -3,
  "lags": -2,
  "sulky": -2,
  "lethal": -2,
  "pesky": -2,
  "prosecution": -1,
  "stricken": -2,
  "tremors": -2,
  "detain": -2,
  "aggression": -2,
  "annoys": -2,
  "lawl": 3,
  "innovative": 2,
  "perjury": -3,
  "sufferer": -2,
  "poorer": -2,
  "cherished": 2,
  "prosperity": 3,
  "heartbreaking": -3,
  "sincerity": 2,
  "highlight": 2,
  "trickery": -2,
  "urgent": -1,
  "gruesome": -3,
  "riots": -2,
  "walkout": -2,
  "humiliated": -3,
  "scapegoat": -2,
  "poorest": -2,
  "crazier": -2,
  "rejoices": 4,
  "harasses": -3,
  "burdens": -2,
  "misfortune": -2,
  "stinking": -2,
  "courageous": 2,
  "restricting": -2,
  "needy": -2,
  "handpicked": 1,
  "brisk": 2,
  "stupidly": -2,
  "cancelling": -1,
  "accusation": -2,
  "polished": 2,
  "hinder": -2,
  "scold": -2,
  "stubborn": -2,
  "lousy": -2,
  "expel": -2,
  "suspecting": -1,
  "launched": 1,
  "damages": -3,
  "travesty": -2,
  "disparaging": -2,
  "virtuous": 2,
  "unsupported": -2,
  "abandons": -2,
  "sincerest": 2,
  "madly": -3,
  "carefree": 1,
  "fright": -2,
  "loathed": -3,
  "inflamed": -2,
  "masterpiece": 4,
  "sinister": -2,
  "aggressiveness": -2,
  "jocular": 2,
  "unprofessional": -2,
  "honoring": 2,
  "imposed": -1,
  "demoralizing": -2,
  "adventurous": 2,
  "animosity": -2,
  "indifferent": -2,
  "irritates": -3,
  "motivate": 1,
  "weary": -2,
  "profitable": 2,
  "downer": -2,
  "disastrous": -3,
  "looms": -1,
  "conflicting": -2,
  "eviction": -1,
  "blah": -2,
  "courteous": 2,
  "gullibility": -2,
  "overload": -1,
  "pollute": 2,
  "casualty": -2,
  "ugliness": -3,
  "cornered": -2,
  "miserably": -3,
  "fatality": -3,
  "defects": -3,
  "bailout": -2,
  "despondent": -3,
  "pardoning": 2,
  "incense": -2,
  "monopolized": -2,
  "blackmailed": -3,
  "spacious": 1,
  "revered": 2,
  "recommends": 2,
  "criticise": -2,
  "agreeable": 2,
  "accusing": -2,
  "xoxoxo": 4,
  "enslaved": -2,
  "rants": -3,
  "wooo": 4,
  "disguising": -1,
  "spoilt": -2,
  "fulfill": 2,
  "favorited": 2,
  "irreparable": -2,
  "misplacing": -2,
  "methodically": 2,
  "calms": 2,
  "zealous": 2,
  "exempt": -1,
  "contender": -1,
  "imbecile": -3,
  "misplaced": -2,
  "perplexed": -2,
  "tremor": -2,
  "duped": -2,
  "honoured": 2,
  "benefactor": 2,
  "vividly": 2,
  "pillage": -2,
  "unpleasant": -2,
  "celebrations": 3,
  "treasures": 2,
  "alarmist": -2,
  "underperforming": -2,
  "restrict": -2,
  "overreacted": -2,
  "overreacts": -2,
  "contend": -1,
  "comforts": 2,
  "brightest": 2,
  "hardship": -2,
  "intimidate": -2,
  "limitation": -1,
  "genial": 3,
  "outreach": 2,
  "unclear": -1,
  "sedition": -2,
  "expands": 1,
  "gloomy": -2,
  "offenses": -2,
  "whitewash": -3,
  "harming": -2,
  "warns": -2,
  "repulsed": -2,
  "noob": -2,
  "manipulation": -1,
  "blesses": 2,
  "longing": -1,
  "unmotivated": -2,
  "evacuation": -1,
  "unified": 1,
  "illiteracy": -2,
  "discomfort": -2,
  "endorse": 2,
  "degrade": -2,
  "deceit": -3,
  "passively": -1,
  "exploits": -2,
  "disapproved": -2,
  "unsuccessfully": -2,
  "rejoice": 4,
  "woow": 4,
  "harms": -2,
  "repulsive": -2,
  "expertly": 2,
  "pileup": -1,
  "appease": 2,
  "friendliness": 2,
  "disapproval": -2,
  "honored": 2,
  "loathe": -3,
  "discriminated": -2,
  "loathing": -3,
  "abduction": -2,
  "succeeding": 3,
  "totalitarian": -2,
  "likable": 2,
  "belittle": -2,
  "endorsement": 2,
  "succeeded": 3,
  "amuse": 3,
  "condemn": -2,
  "restriction": -2,
  "disorganized": -2,
  "complacent": -2,
  "acclaimed": 2,
  "euphoria": 3,
  "chagrined": -2,
  "disabilities": -2,
  "touted": -2,
  "stalled": -2,
  "calmed": 2,
  "perpetrator": -2,
  "cheered": 2,
  "notable": 2,
  "scorn": -2,
  "undesirable": -2,
  "sinful": -3,
  "profits": 2,
  "ambivalent": -1,
  "futile": -2,
  "misconduct": -2,
  "blackmailing": -3,
  "infesting": -2,
  "persecuted": -2,
  "boosted": 1,
  "muddy": -2,
  "adored": 3,
  "aura": 1,
  "imposter": -2,
  "hooligans": -2,
  "scams": -2,
  "ghastly": -2,
  "forgiving": 1,
  "sorrow": -2,
  "somber": -2,
  "helpless": -2,
  "deficient": -2,
  "clarity": 2,
  "boycotted": -2,
  "overselling": -2,
  "dehumanized": -2,
  "respects": 2,
  "saluting": 2,
  "faker": -3,
  "fuckface": -4,
  "lurk": -1,
  "havoc": -2,
  "spammer": -3,
  "distress": -2,
  "adores": 3,
  "evacuating": -1,
  "inflicting": -2,
  "pensive": -1,
  "betrayal": -3,
  "belittled": -2,
  "overprotective": -2,
  "empowerment": 2,
  "uneventful": -2,
  "gratification": 2,
  "enlightening": 2,
  "imprisonment": -2,
  "disdain": -2,
  "defiant": -1,
  "degraded": -2,
  "benevolent": 3,
  "sweetest": 3,
  "sentencing": -2,
  "expels": -2,
  "sues": -2,
  "simplicity": 1,
  "humerous": 3,
  "fearless": 2,
  "distasteful": -2,
  "saddened": -2,
  "thwarted": -2,
  "suspend": -1,
  "pseudoscience": -3,
  "aggravated": -2,
  "visions": 1,
  "looool": 3,
  "troubling": -2,
  "lololol": 4,
  "delectable": 3,
  "worshiped": 3,
  "noblest": 2,
  "discernment": 2,
  "praised": 3,
  "aching": -2,
  "lethargy": -2,
  "distrust": -3,
  "jaunty": 2,
  "brainwashing": -3,
  "crestfallen": -2,
  "convinces": 1,
  "fuked": -4,
  "interrogated": -2,
  "loathes": -3,
  "unmatched": 1,
  "significance": 1,
  "attractiveness": 2,
  "infuriate": -2,
  "forbidding": -2,
  "touting": -2,
  "droopy": -2,
  "envies": -1,
  "abhor": -3,
  "favored": 2,
  "energetic": 2,
  "abhors": -3,
  "discredited": -2,
  "relieves": 1,
  "incoherent": -2,
  "entrusted": 2,
  "marvels": 3,
  "plagues": -3,
  "indicted": -2,
  "cautious": -1,
  "underperforms": -2,
  "disappoints": -2,
  "menaces": -2,
  "defunct": -2,
  "delightfully": 3,
  "provoking": -1,
  "lenient": 1,
  "ennui": -2,
  "discarded": -1,
  "bribed": -3,
  "solemn": -1,
  "likeable": -2,
  "hapless": -2,
  "surviving": 2,
  "exploration": 1,
  "lackadaisical": 2,
  "ubiquitous": 2,
  "perpetrators": -2,
  "demoralized": -2,
  "dubious": -2,
  "fatigued": -2,
  "anguish": -3,
  "appeased": 2,
  "heavenly": 4,
  "deportation": -2,
  "stereotyped": -2,
  "stimulating": 2,
  "altruistic": 2,
  "fud": -3,
  "scapegoats": -2,
  "improperly": -2,
  "landmark": 2,
  "mischief": -1,
  "picturesque": 2,
  "youthful": 2,
  "vigor": 3,
  "flees": -1,
  "misinformation": -2,
  "terrorizes": -3,
  "delights": 3,
  "suave": 2,
  "motivating": 2,
  "amicable": 2,
  "bribes": -3,
  "wrongfully": -2,
  "disapproving": -2,
  "vomiting": -3,
  "disappointments": -2,
  "adoringly": 3,
  "forefront": 1,
  "responsive": 2,
  "refine": 1,
  "infuriated": -2,
  "mirth": 3,
  "tard": -2,
  "foreclosures": -2,
  "evergreen": 2,
  "ftw": 3,
  "jackasses": -4,
  "mocks": -2,
  "deceitful": -3,
  "robust": 2,
  "overjoyed": 4,
  "imposes": -1,
  "solidifying": 2,
  "captivated": 3,
  "modernize": 2,
  "stimulated": 1,
  "psychopathic": -2,
  "generously": 2,
  "predatory": -2,
  "sweeter": 3,
  "clouded": -1,
  "violations": -2,
  "pitied": -1,
  "brightness": 1,
  "infecting": -2,
  "infantile": -2,
  "kidnappings": -2,
  "aggressions": -2,
  "startling": 3,
  "outnumbered": -2,
  "criticizes": -2,
  "postpone": -1,
  "displeased": -2,
  "hallelujah": 3,
  "hysteria": -3,
  "embezzlement": -3,
  "applauds": 2,
  "incapacitated": -2,
  "pardoned": 2,
  "condemnation": -2,
  "devastate": -2,
  "monopolize": -2,
  "defenders": 2,
  "inhuman": -2,
  "collisions": -2,
  "sulking": -2,
  "obstruction": -2,
  "denier": -2,
  "fatigues": -2,
  "obliterated": -2,
  "disagreeable": -2,
  "discriminating": -2,
  "sustainably": 2,
  "ratified": 2,
  "denounce": -2,
  "obstinate": -2,
  "assaults": -2,
  "fuming": -2,
  "violates": -2,
  "inadvertently": -2,
  "resentful": -2,
  "gripping": 2,
  "snub": -2,
  "victories": 3,
  "impresses": 3,
  "fondness": 2,
  "calming": 2,
  "validating": 1,
  "devotion": 2,
  "enslaves": -2,
  "fraudulent": -4,
  "thwart": -2,
  "disillusioned": -2,
  "unsold": -1,
  "perturbed": -2,
  "disbelieve": -2,
  "offensively": -2,
  "enterprising": 1,
  "diverting": -1,
  "xoxo": 3,
  "deceive": -3,
  "resolving": 2,
  "loool": 3,
  "homicides": -2,
  "impeding": -2,
  "cheaters": -3,
  "loathsome": -3,
  "monotone": -1,
  "shrew": -4,
  "angers": -3,
  "settlements": 1,
  "vindicated": 2,
  "outbreaks": -2,
  "visionary": 3,
  "seamless": 2,
  "pardons": 2,
  "deceived": -3,
  "nifty": 2,
  "audacious": 3,
  "gracious": 3,
  "durable": 2,
  "distrustful": -3,
  "ludicrous": -3,
  "vigilant": 3,
  "contaminated": -2,
  "postponing": -1,
  "marvelous": 3,
  "untrue": -2,
  "favours": 2,
  "deafening": -1,
  "purest": 1,
  "awaited": -1,
  "slickest": 2,
  "rigorous": 3,
  "skepticism": -2,
  "hailed": 2,
  "kickbacks": -3,
  "weakened": -2,
  "undermining": -2,
  "bothersome": -2,
  "chided": -3,
  "obstructing": -2,
  "disheartened": -2,
  "wrenching": -2,
  "revengeful": -2,
  "barbarous": -2,
  "betrays": -3,
  "insolvent": -2,
  "strikers": -2,
  "doubting": 1,
  "outages": -2,
  "hellish": -2,
  "deteriorates": -2,
  "revives": 2,
  "illogical": -2,
  "defraud": -3,
  "sparkles": 3,
  "hazardous": -3,
  "resigns": -1,
  "attractions": 2,
  "terrorize": -3,
  "tout": -2,
  "shameful": -2,
  "disgraced": -2,
  "splendid": 3,
  "misusing": -2,
  "agonizing": -3,
  "unequal": -1,
  "deports": -2,
  "lolol": 4,
  "lovable": 3,
  "righteousness": 2,
  "penalized": -2,
  "flawlessly": 2,
  "strengthening": 2,
  "rightfully": 2,
  "failures": -2,
  "hurrah": 5,
  "meditative": 1,
  "stinked": -2,
  "unconfirmed": -1,
  "unhappiness": -2,
  "inept": -2,
  "spammers": -3,
  "misuses": -2,
  "averts": -1,
  "underperform": -2,
  "indignant": -2,
  "relentless": -1,
  "worsened": -3,
  "degrades": -2,
  "unforgivable": -3,
  "barbaric": -2,
  "thwarting": -2,
  "awaits": -1,
  "likers": 2,
  "invulnerable": 2,
  "enrage": -2,
  "reassures": 1,
  "ardent": 1,
  "breached": -2,
  "strengthened": -2,
  "litigation": -1,
  "underestimating": -1,
  "philanthropy": 2,
  "mope": -1,
  "chastise": -3,
  "acquits": 2,
  "esteemed": 2,
  "joyfully": 3,
  "oversight": -1,
  "mislead": -3,
  "stimulate": 1,
  "bribing": -3,
  "fearlessness": 2,
  "exploit": -2,
  "manipulated": -1,
  "vociferous": -1,
  "groaned": -2,
  "unapproved": -2,
  "contagion": -2,
  "memorable": 1,
  "endorses": 2,
  "punishes": -2,
  "derision": -2
}